"Vintage Lamp","Antique brass finish"
"Wooden Chair","Handcrafted oak wood"
"Silk Scarf","Elegant and soft"
"Yoga Mat","Non-slip, eco-friendly"
"Bluetooth Speaker","Portable, high-quality sound"
"Leather Wallet","Genuine leather, RFID"
"Coffee Table","Modern, glass top"
"Running Shoes","Lightweight, breathable"
"Smartwatch","Fitness tracker, waterproof"
"Desk Organizer","Wooden, multi-functional"
"Electric Kettle","Fast boiling, stainless"
"Noise Cancelling Headphones","Over-ear, wireless"
"Plant Pots","Ceramic, set of 3"
"Backpack","Water-resistant, spacious"
"Stainless Steel Water Bottle","Double-walled, insulated"
"Digital Camera","High resolution, compact"
"Fitness Tracker","Heart rate monitor"
"Hand Blender","Multi-speed, easy clean"
"Gaming Mouse","Ergonomic, RGB lighting"
"Photo Frame","Wooden, 4x6 inches"
"Bluetooth Earbuds","True wireless, long battery"
"BBQ Grill","Portable, charcoal"
"Laptop Stand","Adjustable, aluminum"
"Portable Charger","High capacity, fast charge"
"Cookware Set","Non-stick, 10 pieces"
"Electric Toothbrush","Rechargeable, 5 modes"
"Winter Jacket","Waterproof, insulated"
"LED Desk Lamp","Dimmable, USB port"
"Camping Tent","2-person, waterproof"
"Electric Scooter","Foldable, long range"
"Wireless Keyboard","Compact, ergonomic"
"Air Purifier","HEPA filter, quiet"
"Standing Desk","Height adjustable, sturdy"
"Weighted Blanket","Cooling, breathable"
"Espresso Machine","Compact, high pressure"
"Portable Projector","HD, wireless"
"Electric Drill","Cordless, powerful"
"Outdoor Hammock","Durable, easy setup"
"Pet Bed","Soft, machine washable"
"Garden Tools","Ergonomic, 5-piece set"
"Wireless Charger","Fast charging pad"
"Microwave Oven","Compact, 700W"
"Digital Thermometer","Quick read, waterproof"
"Vacuum Cleaner","Cordless, lightweight"
"Electric Grill","Indoor, smokeless"
"Smart Light Bulb","Color-changing, app control"
"Kitchen Knife Set","Stainless steel, 5-piece"
"Yoga Block","High-density foam"
"Baby Monitor","Video, night vision"
"Dog Leash","Reflective, durable"
"Fitness Ball","Anti-burst, 65cm"
"Photo Printer","Wireless, portable"
"Solar Power Bank","Eco-friendly, high capacity"
"Electric Fireplace","Portable, heater"
"Travel Pillow","Memory foam, ergonomic"
"Digital Scale","Precision, large display"
"Wireless Doorbell","Long range, LED"
"Kids Tablet","Parental controls, durable"
"Electric Shaver","Wet & dry, rechargeable"
"LED Strip Lights","Flexible, multi-color"
"Air Fryer","Oil-less, easy clean"
"Portable Fan","Rechargeable, USB"
"Portable Blender","USB, travel-friendly"
"Electric Toothbrush","Sonic, timer"
"Massage Gun","Deep tissue, portable"
"Rolling Pin","Adjustable, non-stick"
"Bike Lock","Heavy duty, combination"
"Electric Blanket","Heated, soft fleece"
"Water Filter","Purifies, easy install"
"Food Processor","Multi-function, compact"
"Portable Steamer","Quick heat, handheld"
"Garden Hose","Expandable, kink-free"
"LED Flashlight","Ultra-bright, waterproof"
"Pet Carrier","Airline approved, soft"
"Wireless Mouse","Silent click, ergonomic"
"Smart Plug","Voice control, Wi-Fi"
"Bike Helmet","Adjustable, lightweight"
"Electric Griddle","Non-stick, large surface"
"Portable Safe","Key lock, steel"